<?xml version="1.0" encoding="UTF-8"?>
<beans xmlns="http://www.springframework.org/schema/beans"
	xmlns:xsi="http://www.w3.org/2001/XMLSchema-instance"
	xmlns:context="http://www.springframework.org/schema/context"
	xmlns:mvc="http://www.springframework.org/schema/mvc"
	xsi:schemaLocation="http://www.springframework.org/schema/mvc http://www.springframework.org/schema/mvc/spring-mvc-4.2.xsd
		http://www.springframework.org/schema/beans http://www.springframework.org/schema/beans/spring-beans.xsd
		http://www.springframework.org/schema/context http://www.springframework.org/schema/context/spring-context-4.2.xsd">
	
<!-- @ 어노테이션 활용 -->
<context:component-scan base-package="com.globalin.view"></context:component-scan>

<!-- <mvc:annotation-driven></mvc:annotation-driven> -->

<!-- 파일 업로드 설정 -->
<bean id="multipartResolver" class="org.springframework.web.multipart.commons.CommonsMultipartResolver">
	<property name="maxUploadSize" value="100000"></property>	
</bean>
	
<!-- 예외 처리 설정 -->
<bean id="exceptionResolver" class="org.springframework.web.servlet.handler.SimpleMappingExceptionResolver">
	<property name="exceptionMappings">
		<props>
			<prop key="java.lang.ArithmeticException">common/arithmeticError.jsp</prop>
			<prop key="java.lang.NullPointerException">common/nullpointerError.jsp</prop>
		</props>	
	</property>
	<property name="defaultErrorView" value="common/error.jsp">
	
	</property>
</bean>

<!-- 다국어 설정 -->
<!-- MessageSource 등록 -->
<bean id="messageSource" class="org.springframework.context.support.ResourceBundleMessageSource">
	<property name="basenames">
		<list>
			<value>message.messageSource</value>
		</list>
	</property>
</bean>

<!-- LocaleResolver 등록 -->
<bean id="localeResolver" class="org.springframework.web.servlet.i18n.SessionLocaleResolver"></bean>

<!-- LocaleChangeInterceptor 등록 -->
<mvc:interceptors>
	<bean class="org.springframework.web.servlet.i18n.LocaleChangeInterceptor">
		<property name="paramName" value="lang"></property>
	</bean>
</mvc:interceptors>
	
<!-- XML 활용 -->
<!-- HandlerMapping 등록 -->
<!-- 
<bean class="org.springframework.web.servlet.handler.SimpleUrlHandlerMapping">
	<property name="mappings">
		<props>
			<prop key="/login.do">login</prop>
			<prop key="/getBoardList.do">getBoardList</prop>
			<prop key="/getBoard.do">getBoard</prop>
			<prop key="/insertBoard.do">insertBoard</prop>
			<prop key="/updateBoard.do">updateBoard</prop>
			<prop key="/deleteBoard.do">deleteBoard</prop>
			<prop key="/logout.do">logout</prop>
		</props>
	</property>
</bean>
-->
<!-- Controller 등록 -->
<!-- 
<bean id="login" class="com.globalin.view.user.LoginController"></bean>
<bean id="getBoardList" class="com.globalin.view.board.GetBoardListController"></bean>
<bean id="getBoard" class="com.globalin.view.board.GetBoardController"></bean>
<bean id="insertBoard" class="com.globalin.view.board.InsertBoardController"></bean>
<bean id="updateBoard" class="com.globalin.view.board.UpdateBoardController"></bean>
<bean id="deleteBoard" class="com.globalin.view.board.DeleteBoardController"></bean>
<bean id="logout" class="com.globalin.view.user.LogoutController"></bean>
-->
<!-- ViewResolver 등록 -->
<!-- 
<bean id="viewResolver" class="org.springframework.web.servlet.view.InternalResourceViewResolver">
	<property name="prefix" value="/WEB-INF/board/"></property>
	<property name="suffix" value=".jsp"></property>
</bean>
-->
</beans>
