<?xml version="1.0" encoding="UTF-8"?>
<!DOCTYPE configuration
  PUBLIC "-//mybatis.org//DTD Config 3.0//EN"
  "https://mybatis.org/dtd/mybatis-3-config.dtd">
<configuration>

	<!-- Properties 파일 설정 -->
<!--<properties resource="db.properties" />-->
	
	<!-- Aliases 설정 -->
	<typeAliases>
		<typeAlias type="com.globalin.biz.board.BoardVO" alias="board" />
	</typeAliases>
	
	<!-- DataSource 설정 -->
<!--<environments default="development">
		<environment id="development">
			<transactionManager type="JDBC"></transactionManager>
			<dataSource type="POOLED">
				<property name="driver" value="${jdbc.driverClassName}"/>
				<property name="url" value="${jdbc.url}"/>
				<property name="username" value="${jdbc.username}"/>
				<property name="password" value="${jdbc.password}"/>
			</dataSource>
		</environment>
	</environments>
-->	
	<!-- SQL Mapper 설정 -->
	<mappers>
		<mapper resource="mappings/board-mapping.xml"/>
	</mappers>
</configuration>